{"portfolioHistory": [39546312.0, 39546311.6, 39546311.5, 39546312.37, 39546313.089999996, 39546313.65, 39546315.57, 39546324.21, 39546321.93, 39546321.57, 39546319.73, 39546319.489999995, 39546319.93, 39546319.05, 39546318.169999994, 39546316.53, 39546316.73, 39546317.769999996, 39546317.89, 39546316.57, 39546320.05, 39546319.85, 39546320.29, 39546317.489999995, 39546318.89, 39546317.769999996, 39546317.169999994, 39546316.97, 39546316.37, 39546317.05, 39546316.85, 39546317.37, 39546316.61, 39546317.73, 39546318.53, 39546317.73, 39546316.65, 39546317.33, 39546317.41, 39546318.089999996, 39546330.61, 39546330.85, 39546331.29, 39546330.61, 39546330.809999995, 39546329.41, 39546324.93, 39546324.37, 39546339.089999996, 39546337.57, 39546337.85, 39546336.53, 39546337.449999996, 39546353.97, 39546348.089999996, 39546347.21, 39546343.01, 39546346.29, 39546343.65, 39546345.809999995, 39546347.449999996, 39546345.97, 39546344.41, 39546347.01, 39546344.53, 39546363.21, 39546366.33, 39546364.489999995, 39546367.61, 39546365.41, 39546367.769999996, 39546354.65, 39546356.489999995, 39546353.25, 39546369.01, 39546369.489999995, 39546373.449999996, 39546372.33, 39546370.769999996, 39546379.769999996, 39546379.809999995, 39547200.01, 39546795.01, 39546799.82999999, 39546760.919999994, 39546781.45999999, 39546773.919999994, 39546764.23, 39546765.12, 39546765.019999996, 39546766.31999999, 39546834.31999999, 39546832.099999994, 39546838.099999994, 39546846.269999996, 39546857.04999999, 39546970.56999999, 39547127.769999996, 39547200.169999994, 39547180.169999994, 39547198.169999994], "finalBalance": 39547198.169999994, "totalReward": 886.1699999943376, "episodesCompleted": 10000}