{"portfolioHistory": [24568236451.0, 24568236450.6, 24568236450.6, 24568236450.89, 24568236450.89, 24568236451.03, 24568236451.03, 24568236453.19, 24568236453.19, 24568236453.1, 24568236453.1, 24568236453.039997, 24568236453.039997, 24568236452.819996, 24568236452.819996, 24568236452.409996, 24568236452.409996, 24568236452.669994, 24568236452.669994, 24568236452.339993, 24568236452.339993, 24568236452.289993, 24568236452.289993, 24568236451.589993, 24568236451.589993, 24568236451.30999, 24568236451.30999, 24568236451.25999, 24568236451.25999, 24568236451.42999, 24568236451.42999, 24568236451.55999, 24568236451.55999, 24568236451.83999, 24568236451.83999, 24568236451.639988, 24568236451.639988, 24568236451.80999, 24568236451.80999, 24568236451.979992, 24568236451.979992, 24568236451.979992, 24568236451.979992, 24568236451.979992, 24568236451.979992, 24568236451.979992, 24568236450.859993, 24568236450.859993, 24568236454.539993, 24568236453.77999, 24568236453.84999, 24568236453.189995, 24568236453.419994, 24568236461.679996, 24568236460.209995, 24568236459.769993, 24568236458.719994, 24568236460.359993, 24568236459.699993, 24568236460.779995, 24568236461.189995, 24568236460.449997, 24568236460.059998, 24568236461.359997, 24568236460.739994, 24568236470.079994, 24568236470.859997, 24568236470.859997, 24568236471.64, 24568236471.64, 24568236472.23, 24568236472.23, 24568236472.69, 24568236472.69, 24568236476.629997, 24568236476.629997, 24568236477.62, 24568236477.34, 24568236476.949997, 24568236479.199997, 24568236479.21, 24568236684.26, 24568236684.26, 24568236684.26, 24568236684.26, 24568236684.26, 24568236684.26, 24568236684.26, 24568236684.26, 24568236684.26, 24568236685.56, 24568236685.56, 24568236685.56, 24568236685.56, 24568236685.56, 24568236685.56, 24568236742.32, 24568236794.719997, 24568236830.92, 24568236815.92, 24568236833.92], "finalBalance": 24568236833.92, "totalReward": 382.9199981689453, "episodesCompleted": 10}