{"portfolioHistory": [1000000.0, 999999.6, 999999.5, 1000000.37, 1000001.09, 1000001.7899999999, 1000004.6699999999, 1000019.7899999999, 1000015.2299999999, 1000014.4199999999, 1000010.7399999999, 1000010.1999999998, 1000011.0799999998, 1000009.0999999999, 1000007.3399999999, 1000003.6499999999, 1000004.0499999998, 1000006.3899999998, 1000006.6299999998, 1000003.6599999998, 1000010.6199999998, 1000010.1699999998, 1000011.0499999998, 1000004.7499999998, 1000007.5499999998, 1000005.0299999998, 1000003.8299999997, 1000003.3799999998, 1000002.1799999998, 1000003.7099999997, 1000003.3099999998, 1000004.4799999997, 1000002.9599999997, 1000005.4799999997, 1000007.0799999998, 1000005.2799999998, 1000003.1199999998, 1000004.6499999998, 1000004.8099999998, 1000006.3399999999, 1000031.3799999999, 1000031.7999999998, 1000032.5699999998, 1000031.3799999999, 1000031.7299999999, 1000029.2799999999, 1000020.3199999998, 1000019.0599999998, 1000048.4999999999, 1000045.8399999999, 1000046.3299999998, 1000044.0199999999, 1000045.6299999999, 1000074.5399999999, 1000062.7799999999, 1000061.2399999999, 1000053.8899999999, 1000059.6299999999, 1000055.0099999999, 1000058.7899999999, 1000061.6599999999, 1000059.07, 1000056.3399999999, 1000060.8899999999, 1000056.5499999999, 1000089.2399999999, 1000095.4799999999, 1000091.3399999999, 1000098.3599999999, 1000093.4099999999, 1000098.7199999999, 1000069.1999999998, 1000073.3399999999, 1000066.0499999999, 1000101.5099999999, 1000102.5899999999, 1000111.4999999999, 1000109.2599999999, 1000105.7499999999, 1000123.7499999999, 1000123.8399999999, 1001764.2399999999, 1000819.2399999999, 1000833.6999999998, 1000561.3299999998, 1000643.4899999999, 1000613.3299999998, 1000535.8099999999, 1000542.0399999999, 1000541.3399999999, 1000550.44, 1001026.44, 1001010.8999999999, 1001052.8999999999, 1001110.0899999999, 1001147.82, 1001545.1399999999, 1001859.5399999999, 1001986.2399999999, 1001956.2399999999, 1001987.7399999999], "finalBalance": 1001987.7399999999, "totalReward": 1987.7399999998743, "episodesCompleted": 1000}